{
    "loss": 16.15156364440918,
    "accuracy": 0.4858756959438324
}