{
    "loss": 0.6109199523925781,
    "accuracy": 0.8700565099716187
}