{
    "loss": 0.05378029868006706,
    "accuracy": 0.9774011373519897
}