{
    "loss": 1.7247045040130615,
    "accuracy": 0.5197740197181702
}