{
    "loss": 0.9400981068611145,
    "accuracy": 0.903954803943634
}